heterogeneity,rep,n_cohorts,raw_rho,partial_rho,pert_recovery_rho,mean_geodesic,mean_gap
0.0,0,12,0.0848461605691222,0.1757821071134014,,0.12526059730730332,0.0005757553747042973
0.0,1,12,-0.07189304614732489,-0.11844304156580805,,0.12417543263287244,-0.012234238901448789
0.0,2,12,0.08840740402551495,0.23397597004633114,,0.12511980921427837,0.006096045893836888
0.0,3,12,-0.02185987659964914,-0.05587646626723312,,0.12499366168426758,-0.0015832155588021357
0.0,4,12,-0.12281587402226175,0.12718929967972836,,0.12305054615350552,-0.0035221614952724795
0.0,5,12,0.06844418935335903,-0.2170237402208009,,0.12546097368760206,-0.008074536919015132
0.0,6,12,-0.08987395106158103,-0.15886637094352013,,0.1245207244841105,-0.010532215407578874
0.0,7,12,-0.052002906298023274,-0.13866401040667542,,0.12597385601016486,0.0001480967856186172
0.0,8,12,0.08375564660571609,0.29025467915197406,,0.12618257436546607,-0.009800083861839993
0.0,9,12,0.04160405318028791,-0.07078841180818597,,0.12550878519277323,0.000455633378678257
0.0,10,12,0.04404058903411081,-0.03827362073622816,,0.12533611905020905,0.0010633581820447874
0.0,11,12,0.027257631314992585,0.1633571625907062,,0.12472412816801559,-0.02370612228472098
0.0,12,12,-0.06667527598748711,-0.030295056913495568,,0.12455179819915625,0.0075551011737548055
0.0,13,12,-0.06014539354486999,-0.0782492290151201,,0.12582861879879653,-0.01466928652385721
0.0,14,12,0.02582277820543349,-0.055404164354964563,,0.12435792366046021,-0.009096736736774505
0.0,15,12,-0.17076174127198634,0.15265539219802235,,0.12443780557022992,-0.007595652323576833
0.0,16,12,-0.15367396720679474,0.19989938097131324,,0.12444646518657884,-0.0034061626359381484
0.0,17,12,0.04755239647012794,0.36721730476936865,,0.1252766692536386,-0.004554587728797472
0.0,18,12,-0.16546353426179108,0.13264852430444404,,0.12620452074485644,-0.007057724225962162
0.0,19,12,-0.01912059357592131,-0.1333499200505111,,0.12495996059392732,-0.010011436402013726
0.0,20,12,-0.07214881099931937,0.1292382711264793,,0.12387728051406721,-0.00824969807352046
0.0,21,12,0.07189043726224499,0.26499558380021976,,0.12467342873978045,-0.007033376630165079
0.0,22,12,0.019029182950436464,0.17999666876484888,,0.12458579069296984,-0.004788691064257472
0.0,23,12,0.09520355852421487,-0.03329716092355132,,0.12381137458417728,-0.01525499366731445
0.0,24,12,0.02434350668072318,0.04236960304575487,,0.12640243917865712,-0.010609418568722905
0.0,25,12,-0.07626302813712182,0.20740031558231395,,0.12366494187603627,0.002804890238493677
0.0,26,12,0.20076388055496128,0.3948993903210567,,0.12461962881424779,0.0005658410840865387
0.0,27,12,0.03996284952492264,0.15964391221658103,,0.12580476926761314,-0.00319035895971253
0.0,28,12,-0.003485479560010983,-0.015020459170054647,,0.12401549794784983,-0.005963546541613186
0.0,29,12,-0.045501564678865396,0.2554923169523719,,0.12719659818157641,-0.001703288489421801
0.0,30,12,-0.00023480057604727608,0.03489079859901872,,0.12418005262051657,-0.008890219891095657
0.0,31,12,-0.16951252918751675,-0.21345375748796613,,0.12425167353218601,0.010064976935862717
0.0,32,12,-0.04058120741813836,0.014497611804050512,,0.12592558846789254,-0.003279289667683693
0.0,33,12,-0.003837679964652811,0.13500543663166617,,0.12261625319463,-0.007765470443620529
0.0,34,12,-0.0064491639175595005,0.002354007827944214,,0.12436347808989943,0.006139315297345103
0.0,35,12,-0.03313040449740247,-0.3357011161332704,,0.1257066311213546,-0.002206254405991143
0.0,36,12,-0.010237265053601731,-0.07566815151807212,,0.1253372732895805,-0.011099348338409342
0.0,37,12,0.04520421074616549,0.08338326461539308,,0.1268771279676538,0.0018209336461665236
0.0,38,12,0.04917487487139119,0.07811808141638052,,0.12401546643493545,-0.010766037659330869
0.0,39,12,0.010980797301378615,0.2047264448045988,,0.12493590803462036,-0.009487684836038544
0.0,40,12,-0.054244080098614034,0.38860633315232923,,0.12375562244613023,-0.004066401354024903
0.0,41,12,-0.02835336304855852,-0.1345142412502963,,0.1264138103467116,-0.0032127166200049753
0.0,42,12,0.04604421277548852,0.08165687155541104,,0.12516091829130668,0.00012751057470283738
0.0,43,12,0.0729287735240527,0.22478839697374178,,0.1263075614922108,-0.005641382970798558
0.0,44,12,0.012754839155723462,-0.12468795306586897,,0.12551537121492204,-0.009122449102366889
0.0,45,12,0.06240469391833478,-0.04685025737960148,,0.12443869882284152,-0.009954183511951598
0.0,46,12,0.05578839854898559,0.054414708182935645,,0.12464847799110956,-0.00012578495093305115
0.0,47,12,-0.06064630078702384,-0.09992926949357846,,0.12508718681168846,0.0024857898693444146
0.0,48,12,0.05356837710007897,0.13849630287099698,,0.12479716305292805,-0.007710864066646006
0.0,49,12,0.14547124229727684,0.14515510310985208,,0.12468430971648661,-0.0018309585778812617
0.0,50,12,-0.03709583373013387,0.1822371232765455,,0.12374432794361441,-0.004442824497045554
0.0,51,12,-0.056088420333176264,-0.31636039886108996,,0.12557732816563172,-0.0019866729852380813
0.0,52,12,0.16745433460992884,0.19887832650804887,,0.12382065075253183,0.005854183320018871
0.0,53,12,0.0678232738943882,0.009495449909765363,,0.12591829227748905,-0.002128096703394167
0.0,54,12,0.007792770229480153,0.13072744226429422,,0.12502271435497492,-0.007622395001966191
0.0,55,12,0.16546114120771857,0.24572976362998586,,0.12463754851135324,-0.0062337675585333995
0.0,56,12,-0.11934605686596962,0.4315238917218284,,0.12605025556813418,-0.005809271860017914
0.0,57,12,-0.021797320143055465,0.021368965615079578,,0.1263532883622767,-0.0024878558227118155
0.0,58,12,-0.20209493745189866,0.16863163996125102,,0.12453975391667833,-0.01302583213714873
0.0,59,12,-0.12178797330077372,0.365753957686165,,0.125701005491749,-0.0015461825690690641
0.0,60,12,-0.04657375569388425,-0.050978508210417266,,0.1251199609747605,-0.008386391250829395
0.0,61,12,0.08944823385009912,0.13562010026483778,,0.12441642288451077,-0.000706344423837292
0.0,62,12,0.1253306757525319,0.2151886621877031,,0.12491804492090773,-0.004102078115612592
0.0,63,12,-0.20626133236005023,0.011428423300228916,,0.12475795130514097,-0.002296908427177359
0.0,64,12,-0.02244954396540901,0.09981142702226198,,0.1251772978275306,0.007906634361209208
0.0,65,12,-0.024740057212870852,-0.019452466985917283,,0.12625468840397772,-0.007095586049398328
0.0,66,12,0.017923157398221295,0.25718511540857214,,0.12523231515857125,-0.0025795304919673085
0.0,67,12,0.08489822752578878,-0.10493881041788931,,0.12780041087589808,-0.008770948349390769
0.0,68,12,-0.01502978694541274,0.000982054631167562,,0.12482820161517963,-0.0052782852940864685
0.0,69,12,-0.1013499675846891,-0.44947080474625634,,0.12499565665754316,-0.00221893289021407
0.0,70,12,-0.018048266982878897,0.20519991290220263,,0.12496460332223089,-0.0026872713928914687
0.0,71,12,0.13008717612337395,-0.23504201055038743,,0.12402833114953882,0.002990647798855192
0.0,72,12,-0.03137188400892481,0.06865043523421668,,0.1273210651899464,-0.00837985347967406
0.0,73,12,0.09265218644777698,0.08060406349444262,,0.12581834284226248,-0.0017877572501104038
0.0,74,12,-0.13335055197497422,0.060911498326352065,,0.12378604003069174,0.0011411330404736046
0.0,75,12,0.25280489220704333,0.11462268754990756,,0.12487746393718616,-0.009425050952982988
0.0,76,12,-0.11905125285193878,-0.06919703352558243,,0.12410478666804682,0.004313623194448573
0.0,77,12,0.06849636712302043,-0.04652401384294827,,0.12551643634802304,-0.005291543883454511
0.0,78,12,0.25555039576735034,0.18461833606167613,,0.12275974416482126,0.0017693012053144094
0.0,79,12,-0.034510331837167105,0.10428861096409994,,0.12694012292940204,-0.0060860466465179385
0.0,80,12,0.015658589527063903,0.119957278055032,,0.12472647062356702,-0.003009481547896082
0.0,81,12,-0.03028132912261858,0.04518073953811028,,0.12399734066316725,0.0002909598666429617
0.0,82,12,0.08005113421454042,-0.13280946492989404,,0.1263064169806138,-0.005097447170187952
0.0,83,12,-0.03349817181926723,-0.2203984950748409,,0.12368908390992435,-0.005830835084426275
0.0,84,12,0.017936155114722484,-0.12758564466776182,,0.12430976738794335,-0.00975155511580785
0.0,85,12,-0.16701604077304122,-0.19405906006820264,,0.12492231899444822,-0.0009182694801128066
0.0,86,12,-0.002175810156652356,0.29351066444236046,,0.12532988853430424,-0.01701884516568117
0.0,87,12,-0.051361187566212274,0.3360312612672562,,0.12610400687437515,-0.0011116666964594189
0.0,88,12,-0.012003511568570758,0.10190262505926638,,0.12517929464399552,-0.005849691665629539
0.0,89,12,-0.15709161111961734,0.13235056670329506,,0.12522346167017784,-0.016510839557475822
0.0,90,12,0.1598413795807738,-0.21028952775736975,,0.12532467411413756,-0.0019728459222057614
0.0,91,12,0.035538325274303596,0.04821470249313953,,0.12617782737537814,-0.0020103601810661812
0.0,92,12,-0.03534787616660839,-0.0015835431395225768,,0.1259244595189212,-7.724479903331078e-05
0.0,93,12,-0.05256896578712567,-0.045267425585865516,,0.12580002163987988,-0.0055443238065394345
0.0,94,12,-0.05407175216639895,-0.04148838940790617,,0.1249160822123791,-0.007165279835011134
0.0,95,12,-0.0010879107548018554,-0.005041520528707279,,0.12337319973142594,-0.006081989164027571
0.0,96,12,-0.09299122109057095,0.1906015965769844,,0.12544979795332054,0.0006298268095395322
0.0,97,12,-0.012201771435321522,0.016213879358671367,,0.1261429744984422,-0.010773543930717984
0.0,98,12,-0.05692341206577817,-0.15484043714070173,,0.12432736113027532,0.0016201372931986889
0.0,99,12,-0.0415569846468327,0.17448700445556045,,0.12429913318641891,-0.005705808136769825
0.05,0,12,0.07734571685759614,0.33731654124897287,0.1759377158650494,0.4831161929240921,-0.0009411509954776111
0.05,1,12,0.2675597761582787,0.2724818324616482,0.6032895719121512,0.333632120929955,-0.0006658127360697848
0.05,2,12,0.1091769076551943,-0.41412250837362624,-0.05082558986460272,0.4420307661854532,-0.007679511315664041
0.05,3,12,0.24893948959838869,-0.03344933445590273,0.5173753453413458,0.33984853750544436,-0.014651069633427336
0.05,4,12,0.07913812647707572,0.05346217930608485,0.5252255925104715,0.34912809708231374,0.005453893744301325
0.05,5,12,-0.31332970698333884,-0.022729473224897864,0.08543257709614428,0.42558102632630984,-0.003059720461675375
0.05,6,12,0.1624111347365984,0.019836132775010517,0.41564215636738977,0.3765482210802351,0.001024070282174213
0.05,7,12,-0.0679329358256931,-0.12389753040894395,0.39497849569112,0.3842043918849774,-0.0034332595157027077
0.05,8,12,-0.026182941433558794,-0.09589798979015561,0.4394395609255853,0.3935619300510962,-0.0005787129375372092
0.05,9,12,0.2216543526839181,0.291704780096767,0.04911407349257688,0.45769491425226194,0.0069210307467863705
0.05,10,12,0.31912884223048943,0.35824848544822946,0.29332616807527867,0.3967394102257028,0.007547579953825106
0.05,11,12,0.10182230860576516,0.33065207675469827,0.2547538049748401,0.4527281725645917,0.006990193771041429
0.05,12,12,0.17285235740013644,0.08243646509216981,-0.05850690522723885,0.36517869095792704,0.0013108355571700542
0.05,13,12,0.1341330425299891,-0.2051989321787491,0.16833953928179907,0.4119212746045696,-0.004643093374564421
0.05,14,12,0.01269749337357881,-0.020178154044820755,0.7836752610619631,0.3282310392075353,-0.0026497693916331137
0.05,15,12,0.06676937004397752,0.3974508890185957,0.6411112756904723,0.345667827877968,-0.0036441639889705267
0.05,16,12,-0.1032963305987001,0.3803088241046718,0.35490200294856267,0.4295182094364311,-0.0058467447738968815
0.05,17,12,-0.10837294485345911,-0.2751433417199227,0.08885572457813003,0.4543978450503468,0.007691857314485265
0.05,18,12,-0.020959782732068378,0.22626582807957527,0.6439491507669368,0.3478763727392104,0.0013117413718697253
0.05,19,12,0.21673862850806203,0.1832888078839227,-0.3768602989611421,0.5253313208888728,0.005442392955459217
0.05,20,12,0.1335227383902489,0.37910816543166026,0.32643050896814085,0.40474823333286036,0.005722899583037779
0.05,21,12,-0.0010670381733703992,0.1706662540387214,-0.049322803086680495,0.5271626830120102,0.0021348289888771664
0.05,22,12,0.16475109279687802,0.3417134468958455,-0.2593034217604203,0.4741367122895614,-0.0022921965558505473
0.05,23,12,-0.14263799679629327,-0.03007271371101757,0.2539182263314428,0.40326569479294466,0.0036428075004194477
0.05,24,12,0.022590365374908928,-0.07705168580626097,-0.09812352619309493,0.46879602917564567,0.017512235958605443
0.05,25,12,-0.06574912178411592,0.19443913911056265,0.18499631529763577,0.3747439147560641,-0.010779924695782008
0.05,26,12,0.0859914611192066,0.43991403528164535,0.2013606514358899,0.4228815462619608,0.003119475270659773
0.05,27,12,0.2411398770447718,0.518008172282608,0.39109613030515855,0.3802608771931233,0.0055732963870384206
0.05,28,12,0.09626525056392721,0.10312537073472981,0.28890150062445863,0.3851751883275821,-0.0080140108744706
0.05,29,12,0.09308501965150606,0.31684187096824545,0.4201501557741295,0.3479078634125786,-0.0034400450456660374
0.05,30,12,-0.059289599666264035,-0.038818203144327615,0.16429063490020213,0.4170188402156335,0.006705317726383267
0.05,31,12,0.16925164033920967,0.21861132626346153,0.3609551453854904,0.3660817216121587,-0.005214643286760011
0.05,32,12,0.01623246179292784,-0.08810570707223865,-0.00661669360847245,0.4067614377613659,0.0032269195955273353
0.05,33,12,0.015006326554571427,0.03147959095858727,0.13815757767742878,0.4559282794159213,-0.0035665792073734876
0.05,34,12,0.025702735807360926,0.11046995189740505,-0.0300360710496782,0.4237892283919892,-0.0020907264974592025
0.05,35,12,0.07323942192229664,0.042883250418235534,0.1532281951523813,0.4005035396692066,0.01438915285465175
0.05,36,12,0.06493523434362898,0.16453963388225845,-0.008036068407645511,0.4615756297858438,0.0027672140485033993
0.05,37,12,0.20001382716732477,0.13268599590054578,0.08856408230604387,0.38433843933467104,0.0009461086471395703
0.05,38,12,0.05636510920212372,-0.02387808219370353,0.38308092434704466,0.3492820358188931,-0.00473498416973882
0.05,39,12,0.07598628771790684,-0.046481865585217975,0.3556524996680191,0.38401909548769864,0.001551364694896343
0.05,40,12,0.014667132786859584,0.10090503347899296,-0.45830517842659174,0.4949220449575874,0.005079276592585626
0.05,41,12,0.01882569017964759,0.11707121728185219,0.25521234306243734,0.3584870047221457,0.0053384994393258665
0.05,42,12,0.11697995069240577,0.013928308270885427,0.1268863892209794,0.42160645894953663,0.006043891624830792
0.05,43,12,-0.022645152033053412,0.07594637510230019,-0.007034168969809187,0.45921000143847274,-0.0023798012771964363
0.05,44,12,0.2681445169591982,0.07555944145574797,0.06572886344297081,0.42665929542033965,0.01109709954208444
0.05,45,12,0.16376275259090523,0.27672732058373645,0.2711185161196405,0.4395298529027877,-0.0031232293307484776
0.05,46,12,0.08476528513164472,0.12114017167430034,0.5076075134517888,0.38044914282041803,-0.007489595595726019
0.05,47,12,0.1807205498502077,0.4538214062409166,-0.08209313518771374,0.46729146337125904,-0.006345110987551667
0.05,48,12,0.014912406569231948,0.1066699846351659,0.0806320318408691,0.36814731622743385,-0.005457015896502239
0.05,49,12,0.26266845288998936,0.2571047880062982,-0.39873562348398595,0.5244797644021523,-0.00020007433196818738
0.05,50,12,-0.14006618758822578,-0.07083848626559063,-0.059091271008907716,0.4394800805987783,-0.0005493848022509041
0.05,51,12,0.06994942676278533,-0.009205575358144497,-0.2938274997681168,0.42985088248455877,0.010960980403929265
0.05,52,12,0.15254431849362513,0.057208634612258225,-0.3159949081125854,0.47773464889208084,0.00498742932974947
0.05,53,12,0.26070032819731487,-0.07897466974473462,0.27257855467836506,0.3611854180588146,-0.004135755826061495
0.05,54,12,-0.06176551540663175,0.07529923464634182,-0.07449549495965795,0.4704921513123321,0.01085310346055448
0.05,55,12,-0.015564628689999613,0.13889396135655163,0.44511469816374155,0.41278696013556204,0.002926893472327294
0.05,56,12,0.231891355308066,0.1289779178630525,0.1782757137714874,0.43486177013019445,-0.006545005304863434
0.05,57,12,0.1722964379507824,0.2841475628497374,0.13181256673304564,0.4162422780772989,0.009321333019145266
0.05,58,12,0.2500828322101883,0.45763674761696643,0.4146820027394632,0.3661908636455623,0.007468023148315243
0.05,59,12,0.31883570221134117,0.16390025770915012,0.29574857609509486,0.45120573411732345,0.0016222513437897034
0.05,60,12,0.21395466540414831,0.15476766123703597,0.03571349379152147,0.4531232104340805,-0.004653281607015145
0.05,61,12,0.1781303849337464,0.1679464466967187,0.08326234369993141,0.40502903806548834,-0.007412143103389166
0.05,62,12,0.13367944587254113,0.06434662699274518,0.27270450323607426,0.4118491126428874,0.008641531156335817
0.05,63,12,0.19397843234720938,0.2763506346322769,-0.14992988071566263,0.44161955110210305,0.0008430108512137209
0.05,64,12,0.14436806198768165,0.039934981170525796,-0.542841639162693,0.5448814139673643,0.007273381595178096
0.05,65,12,-0.07835013892357835,-0.025265231293728995,-0.032791333684184666,0.4490659652166736,0.009952146804682822
0.05,66,12,0.07462754710199208,0.317032000012859,0.5984493999049219,0.3395938848325544,-0.007046606293044338
0.05,67,12,0.09563402512359612,-0.19552042328203179,-0.1436262716419984,0.48886037142641225,-0.0022885230138160813
0.05,68,12,0.29036108273973293,0.2185424116882118,0.709949190140865,0.34367841117696396,-0.0015478874585957971
0.05,69,12,0.22442151234478294,0.22683501544174625,-0.47867770492166095,0.5167383741043705,0.015481881536047154
0.05,70,12,0.0804814958304179,0.21400699245767416,0.3571975565483968,0.4166735805628883,0.005354397070264739
0.05,71,12,0.1452079346632056,0.10284361779771675,-0.09628658495633463,0.4536231389467237,0.0014938289748917702
0.05,72,12,0.17523336446598797,0.1858964514732959,0.010290315296457155,0.49652746245326723,0.004687717887934024
0.05,73,12,0.09273542905079693,-0.15541430993827918,0.23934928889969415,0.38048982807666154,0.0013398522470622217
0.05,74,12,-0.017262992573823306,0.3171754569354964,0.4244499685859668,0.38509038443473737,-0.006520521611756195
0.05,75,12,0.13817438048774427,0.12302713130118766,0.30651820942635466,0.39070027768144644,0.009261977075268102
0.05,76,12,0.11122213381026881,0.04543905206127361,0.07299254862736715,0.4217981923834231,0.007383215637142761
0.05,77,12,0.1666242722842598,0.14322307446680807,0.6520478273251544,0.3515864914860566,-0.006795266385516956
0.05,78,12,-0.05010370331737222,-0.0925824488279018,0.42478448873764624,0.35622828303782206,0.005219268700730387
0.05,79,12,-0.008155374759826455,0.09408064531104499,0.6480402348015004,0.4012182949805805,-0.0013276346642824735
0.05,80,12,-0.011205190651382613,-0.17753219984592325,0.21426064885426976,0.41791357311898697,-0.010018077813456112
0.05,81,12,-0.051207329942687084,0.1748352729979697,0.4401886925943797,0.3706680705156349,-0.0062192711435089245
0.05,82,12,-0.07890572924214688,0.08683525455692569,0.42745566297870735,0.3858384116801927,-0.009223486092802642
0.05,83,12,0.08777605301291269,0.2595161085723762,-0.2213571570469627,0.4251595177981031,0.0014126138118298191
0.05,84,12,0.11213495223137647,0.0029611609389772983,-0.3063508267872244,0.4807825471390151,0.006397807130139415
0.05,85,12,0.12057499902207713,-0.0409300475487052,0.6715439711147506,0.33436905595744676,-0.0013534048004095862
0.05,86,12,-0.09124836455524317,-0.044479166488526914,0.13097730773921523,0.3865476230547829,0.003677482979787091
0.05,87,12,0.21491501545839564,0.0390336374336628,0.36204053644314643,0.3958159417644007,-0.003590897396161555
0.05,88,12,-0.15869367565594916,-0.24542920895500236,0.10121284815337107,0.417867603928919,-0.005744717896429767
0.05,89,12,0.004257694896505663,0.01979712259243924,-0.21359187916561065,0.44509455747410986,0.014308116616771262
0.05,90,12,0.1800498297706392,0.07015737371708865,0.38712976819896433,0.4191728008518437,-0.0022610903693270497
0.05,91,12,0.0795684898449016,-0.05428883307530414,-0.23592613695240633,0.5144685270931431,-0.00653990978497564
0.05,92,12,0.0779013084863781,-0.12667076835285743,-0.029994325294223474,0.4356328290947086,-0.0005725417843974608
0.05,93,12,-0.040959495754726606,-0.12761265137425845,-0.027740054499668057,0.3859713173431046,0.0032570330372607543
0.05,94,12,0.1310446394456225,0.25991075277000125,0.39631436335080567,0.36597584134853045,0.004110332118895213
0.05,95,12,-0.13409425914134937,-0.2562560142556401,-0.38366486597644706,0.5010603680111293,0.006331240754519334
0.05,96,12,0.08568111556100692,-0.07974310794605097,0.7220981469155752,0.31927294682450597,0.00274299667363927
0.05,97,12,0.011901749259768396,0.16867918987655747,0.5286480637933451,0.35454828135392,0.014836016178536174
0.05,98,12,-0.06430127444224279,0.05175895915002163,-0.48410528461953856,0.48984066295991346,-0.005832488255587032
0.05,99,12,0.1158475419737984,-0.1272491521283843,-0.09515944955905693,0.44493363810938913,-0.003340510708434537
0.1,0,12,0.4290911557494999,0.5093076968507286,0.38650307687761726,0.712033081622568,0.019082568425223965
0.1,1,12,0.21945505395494194,0.20872838023696788,-0.3741895433495222,0.8462878257336894,0.030318441370206315
0.1,2,12,0.252115814083118,0.2648442069584525,0.1407046193852362,0.9330054013010836,0.017653118562563942
0.1,3,12,0.29042184477576544,0.2698583154275886,0.1636646612436755,0.9167069080454332,0.01705963977388657
0.1,4,12,0.20323267793776614,0.3042705700412475,-0.5731080989373293,1.0186388707980885,0.02075625930820057
0.1,5,12,0.13459499015809556,-0.05624782171556358,0.25846884489796046,0.6505182634514485,0.004259220648860864
0.1,6,12,0.38579089416909906,0.46953312773805395,0.13385846331102033,0.867195314073987,0.02725105571564536
0.1,7,12,0.21318793128260283,0.1934184159596236,-0.20035901466230974,0.8400861542726424,0.0159667341262088
0.1,8,12,0.31796474595873064,0.30225463970071115,0.19317949133689277,0.8828171441580729,0.02435247699168792
0.1,9,12,0.18831193395362555,0.427319350570756,0.14149723811380716,0.7649091700399389,0.029500264674760295
0.1,10,12,0.07183835326983395,0.06492969458605387,0.23383915421000687,0.779681354133171,0.01887946280300775
0.1,11,12,0.20880211737130852,0.25669202544051856,0.1776488306047603,0.8057951995145721,0.0014524864903974848
0.1,12,12,0.29174678128482684,0.4043933031169281,0.47383581538171615,0.7057200486337615,0.011347866471506792
0.1,13,12,0.1763584826176515,0.1814820723121397,-0.4320070773830318,0.9377420317896519,0.024961373952632898
0.1,14,12,0.20270488852248592,0.27049589199982016,0.3606619837879983,0.7596698693866247,0.020299618487907053
0.1,15,12,0.16181891705094137,0.2938560501944657,0.2484919334883631,0.7798012083750627,-0.0018752606547136224
0.1,16,12,0.25915234273131554,0.32425663218139983,-0.6857402300260332,1.0142406447135666,0.01949413883120106
0.1,17,12,0.3987748627775361,0.35803785634794744,-0.5565357167584265,1.0261565660006327,0.017142296469547864
0.1,18,12,0.15709161111961734,0.09057767412141403,0.12267006242008484,0.7676166322821252,0.006273130978995119
0.1,19,12,0.15367657609527782,0.17177223058937344,-0.11398693395883672,0.7701355976219718,0.010447596875210725
0.1,20,12,0.32507751649821365,0.450535318943584,-0.28163773917533563,0.7344500547044803,0.004382548037393967
0.1,21,12,-0.025499309296068372,0.06690365019335592,0.08672703321865474,0.6397760634906972,0.01014975231360541
0.1,22,12,0.3138009436453316,0.36019034419713947,-0.15389653048372884,0.9587927942679788,0.029798674759186326
0.1,23,12,0.13589421492789516,0.3198161969302839,0.15460540532659237,0.7435046202643194,0.014743801516556878
0.1,24,12,0.18106017816554285,0.2690503252603143,-0.08534964236375521,0.8247060154399797,0.012926293572409008
0.1,25,12,0.08976698621518418,0.22498079313358715,0.19839773799645227,0.8744635453046258,0.016636577176504852
0.1,26,12,0.15729489923846982,0.3067613289073489,0.650878946172422,0.6835547032383362,0.002634701574455137
0.1,27,12,0.244727103388346,0.44973252833608396,0.46026902755825644,0.7149513794163185,0.019547172125508102
0.1,28,12,0.2055235531094702,0.13216942901790776,0.07825272482943933,0.9145303367506334,0.022730702289762324
0.1,29,12,-0.005256903436036567,0.07118971232938706,-0.019182174631448414,0.8241984359713662,0.012935904219764595
0.1,30,12,0.23071735395925994,0.1839623526440432,-0.25070478844506905,0.7733888683110932,0.004670706288215527
0.1,31,12,0.11291269354729859,0.18916150719406205,-0.04239286996344943,0.7422559717924132,0.015958186561870272
0.1,32,12,0.2679171938804593,0.3576900696215943,0.16925838627947387,0.6984207176963771,0.012254976326295427
0.1,33,12,0.4089589815003423,0.4826272726609314,-0.17877759697279802,0.9195967024936026,0.027259540743224394
0.1,34,12,0.33944597500096824,0.5425286922691579,0.5681828281094073,0.6953611513500632,0.009188233848557957
0.1,35,12,0.14875959750314097,0.003920920638604748,-0.025652934041587628,0.8250073672136076,0.012665366782333244
0.1,36,12,0.36741237395932547,0.22906515106202718,0.5055626309131998,0.6054206564451616,0.011988324471828687
0.1,37,12,0.1816965124312505,0.03573536534997177,0.23876578269510706,0.782091618854975,0.010963069491572957
0.1,38,12,0.2888721629953414,0.19644544206973047,0.3138245353652164,0.8601431285095764,0.021227008334328855
0.1,39,12,0.0018157863842171863,4.184081956545557e-05,0.38065916766293806,0.6245169110491052,0.006213181295164432
0.1,40,12,0.2397496504112948,0.3419213047251268,-0.3882996639109255,0.9163745535067972,0.025271242711777345
0.1,41,12,0.1130455993979655,-0.028615619084831557,0.6453685064523977,0.5899974290239609,0.001273179033672424
0.1,42,12,0.2383245718169887,0.34188052391148843,-0.013838735985114217,0.8975184096871335,0.009367888475796223
0.1,43,12,0.2773192662252184,0.6028825075063476,-0.04719357654157221,0.7356309168112676,0.020195219073566275
0.1,44,12,0.18256503641500638,0.2864213034938956,-0.28460243030959265,0.9515128851764539,0.013926877948078837
0.1,45,12,0.20687676018232837,-0.022339024114717724,-0.38203628104396115,0.7821461804359763,0.011865109328488277
0.1,46,12,0.07200560391592314,0.08077243879919449,-0.03830193048116674,0.8544946413580865,0.010628601666973275
0.1,47,12,0.1437972781390526,0.20901055661184664,-0.07065505977043565,0.9121987647986243,0.021535518521644155
0.1,48,12,0.2908914453152878,0.417340165719882,-0.48114195974084484,0.9897201264424264,0.015562690475372015
0.1,49,12,0.18101227350001248,0.4287146008629445,0.07445355485351086,0.8044390081174426,0.015691435300063974
0.1,50,12,0.30227143172304827,0.41029567427158115,0.2730805717448038,0.7148421013138715,0.009266692491334003
0.1,51,12,0.295864765133666,0.41629227031660543,0.6487532977030755,0.7242529861835679,0.009257288495708862
0.1,52,12,0.09723613633175587,0.09064719123115832,0.06923560636416384,1.021889247610492,0.028285931482958247
0.1,53,12,0.26549092759120363,0.3006871767670035,0.34258698902515783,0.7784194235205335,0.012834300068048933
0.1,54,12,0.30653215202971895,0.4017866353549115,0.40537374470859994,0.7888563285378568,0.011974825792540396
0.1,55,12,-0.06137923927525177,-0.0784929527979229,-0.24911779567610096,0.7839093133945485,0.011426853796341943
0.1,56,12,0.3755881405305233,0.5016733255370154,-0.06451806505528515,0.7926396522905587,0.004209193578116841
0.1,57,12,0.3158119925741652,0.31252138812169156,0.4514612390866746,0.6669166700272154,0.008805556125279604
0.1,58,12,0.2059873990693278,-0.020050396452365133,0.4168945306646851,0.681878678644169,0.00842304760489954
0.1,59,12,0.2915958461245715,0.382312985750172,-0.13920158472568195,0.8055027702242828,0.023745814342263832
0.1,60,12,0.41205206840326103,0.27353423990346803,-0.33569980619681855,0.9359236287549026,0.013439059483221051
0.1,61,12,0.39970728119030013,0.5219922181042511,-0.4037879265167142,0.9679024670218452,0.013201540134675954
0.1,62,12,0.05083940986959814,-0.006333327131337114,-0.0166774510589838,0.8544360677324264,0.011769628345004945
0.1,63,12,0.03589299410914517,0.19780259992360544,0.5307339696612902,0.5693559780039631,0.011536906727958391
0.1,64,12,0.10768723038815368,0.4234303119250115,0.26677694622566217,0.7047069861252013,0.01580044830445861
0.1,65,12,0.22906853428559987,0.20952933021419648,0.2624767798081618,0.7646288501435142,0.016242357001041843
0.1,66,12,0.28153856790313264,0.20479629840233374,0.151266139527218,0.838496976835119,0.01671753090787604
0.1,67,12,0.19676784384367388,0.19571467413290425,-0.11427930369967142,0.8111201787013921,0.005780042189490246
0.1,68,12,0.07212822215447563,0.07399840325532842,0.12534228476261924,0.7390027205214844,0.013697121435485574
0.1,69,12,0.28908049725512863,-0.007772200904256411,0.5729821139176023,0.6811367737394105,0.014054456094720752
0.1,70,12,0.18464930016629283,0.28399674362255733,0.12880669647683232,0.792824981103478,0.013462422484961982
0.1,71,12,0.15054069213862686,0.3440864509165162,0.06915193411566124,0.8054793330440425,0.015012815087188023
0.1,72,12,0.3191070273246953,0.38545930280501123,-0.10346725979715411,0.9029650821048228,0.028176857078501268
0.1,73,12,0.18248937855030556,0.42923438084004234,0.34726297272172296,0.7425484522704721,-0.003504753210358417
0.1,74,12,0.3301552682031361,0.23128087981000206,-0.010791305938398195,0.8983064646632799,0.016436216189304048
0.1,75,12,0.28031984972897733,0.4169615882178106,-0.08263583071654175,0.8568363257568956,0.014489962402041628
0.1,76,12,0.11384682413155633,0.11072812113556557,0.16324720260002376,0.7072395930994394,0.004704374936309753
0.1,77,12,0.1510594668489405,0.3827180380214742,0.46615337021455905,0.561733454161742,0.0022583453493070595
0.1,78,12,0.25579696533648144,0.30805831646915544,-0.08230207895504915,0.8755124937472211,0.015431824223414718
0.1,79,12,0.23639629486161065,0.0561136636569303,0.372476503044828,0.7537409449726815,0.015355207538227722
0.1,80,12,0.4295039198564074,0.617383143168287,0.17869293931909927,0.7344548429741162,0.012972225181778067
0.1,81,12,0.4443061735355869,0.5577927081697458,0.2978350922917708,0.8659412409907472,0.017609110873617505
0.1,82,12,0.13348377923631083,0.007265405193706794,0.109269657439024,0.7514563827164562,0.009717924131419394
0.1,83,12,0.42361510596675017,0.5420895143730728,0.2039906340295379,0.6002332338049513,0.016021623881353152
0.1,84,12,0.23560350112914602,0.3697384184180705,0.4697864718204611,0.705157415511988,0.010135895097915446
0.1,85,12,0.31923841526091423,0.45641266144666903,0.1894211182867113,0.7440847660266227,0.011120540550624176
0.1,86,12,0.16965906956589347,0.25538717083290774,0.14851110620471084,0.8301042537917243,0.005662441179075582
0.1,87,12,0.3182139549455788,0.35955719293078375,0.3865035810503167,0.779624942034158,0.022108689071209678
0.1,88,12,0.32360173178491186,0.3430518084675707,0.44599194194536607,0.6376791515801672,0.0035146231890656812
0.1,89,12,0.3104372633269662,0.27263066491157595,-0.12175181342103804,0.843528604793546,0.014466630801680064
0.1,90,12,0.1774094032046445,0.22104156420803686,0.2472809824360929,0.8345269269144856,0.008861978986768717
0.1,91,12,0.4120045707901554,0.43864022611212844,0.22649248256181548,0.8080448300414742,0.024451841221286796
0.1,92,12,0.30428509933446446,0.4700038430753126,0.6055855914571927,0.49548562055878875,-0.0015932104069082645
0.1,93,12,0.31764604596262336,0.3420645697040203,-0.10734963024748105,0.8662131295818813,0.009419508912172251
0.1,94,12,0.31246959010634384,0.31830295078776455,0.39539595433477176,0.7657988455710473,0.016704828274887003
0.1,95,12,0.16165258079124747,0.35043306986869627,0.27675492983639777,0.7930745176093429,-0.0015052327308043827
0.1,96,12,0.054729262597856515,0.18641185878061461,0.15435513214165858,0.7507364834759803,0.010604788030946201
0.1,97,12,0.24069866033658308,0.26899908738830114,0.20365693364518767,0.7540093044146271,-0.0011004797871571872
0.1,98,12,0.3885109619118135,0.2203680573427136,0.017929825356279204,0.8848371195961358,0.021082472691004762
0.1,99,12,0.2486841435880286,0.17380038552162166,0.17201338535121477,0.7605131984441768,0.02256341635794747
0.2,0,12,0.6206150763965568,0.6565062490390289,0.36208511619060846,1.4781839222186965,0.05532308100417783
0.2,1,12,0.5549894208940206,0.5536644548811545,0.21877119984907548,1.5220191188606513,0.04654530789936352
0.2,2,12,0.436643125425288,0.4232870604135393,0.08292978224491936,1.3843996107389474,0.050678313083879725
0.2,3,12,0.5645697588954457,0.5886229014944342,-0.20040206754650713,1.386941412864658,0.058762212148669314
0.2,4,12,0.3833113315557972,0.5278340058994089,-0.2888206463785928,1.321739280448739,0.026795855916488816
0.2,5,12,0.5632284515356669,0.5907841936884921,0.28468592203832294,1.3775898391876735,0.05812295686631084
0.2,6,12,0.4742167719472179,0.4826480500375362,-0.39986589146698,1.735293246314812,0.07951936350226742
0.2,7,12,0.5107638042869406,0.5107131389131938,-0.4111823275218012,1.8187542792073612,0.09080078530697104
0.2,8,12,0.5980420164479919,0.6232743730973955,0.6472103852113892,1.1090255488554563,0.053236554779572995
0.2,9,12,0.37923981417311076,0.3432682936179301,-0.24052099378502978,1.5901334564155993,0.051271851785646846
0.2,10,12,0.6572693523404177,0.622752200228247,0.16846697395113908,1.4625388980644578,0.05658111543110743
0.2,11,12,0.44786095561553924,0.46380110368147115,0.22741207937376373,1.2833282569947884,0.05194166294821984
0.2,12,12,0.5760255049891047,0.6006690293962516,-0.45927371696166835,1.733802118900945,0.08691380762951322
0.2,13,12,0.44838678540283816,0.4698454287105214,0.26874005352761654,1.1488297819001965,0.02247775338457624
0.2,14,12,0.5757731501844945,0.5636568811186705,-0.07983948633360681,1.4829786312137254,0.05511926133328765
0.2,15,12,0.6166192281491121,0.6453148096358171,-0.4474547982502147,1.6113393875114048,0.07286487387488663
0.2,16,12,0.46867099919776833,0.46957194720683465,0.24444386538733337,1.5139854362993488,0.076149871482076
0.2,17,12,0.6313099558506235,0.5820389373845275,0.5222219339190244,1.311923956524191,0.04675697367408806
0.2,18,12,0.2796329270079595,0.3422448590137774,0.0019829389039598146,1.3951849558495186,0.05290416670583523
0.2,19,12,0.5457851662734999,0.5995644468847059,-0.33161130159357527,1.647019039376705,0.06516594200756606
0.2,20,12,0.7031469922873864,0.7002182746136133,0.47300398423824586,1.3697821933245158,0.05481965167853995
0.2,21,12,0.5281541139136705,0.5320034482780173,-0.07883778473713941,1.7077457991102494,0.07504973643065868
0.2,22,12,0.43076068158978903,0.5695811963119137,0.3769894705156142,1.4499155807822954,0.056165773543694536
0.2,23,12,0.5531688418646874,0.5550898924432681,0.19530904551949457,1.4790889956906856,0.07117801469181766
0.2,24,12,0.5250022827792092,0.5823280840300764,0.35189630463505367,1.3512859527735537,0.048444682411253145
0.2,25,12,0.5594729977205144,0.5213196381041713,0.2877784945578074,1.6047409159918606,0.07508588444053287
0.2,26,12,0.4956333330631168,0.5560193456313023,0.2077081738261689,1.4224159413053439,0.039151804220692685
0.2,27,12,0.478491530860472,0.48466760280946425,-0.04919775785929772,1.5470222201679027,0.08364232590123857
0.2,28,12,0.4180783149100912,0.41772714329124544,-0.41168274869949484,1.8295835836748238,0.09600988506426449
0.2,29,12,0.6376415341245605,0.6363046222026418,-0.10676630156402299,1.622802193873082,0.08005088136585935
0.2,30,12,0.5055908626120208,0.5965705173974504,0.355445625799019,1.1518256916569574,0.036059551305674564
0.2,31,12,0.3910832711756328,0.3611537547360749,-0.05554323480620333,1.5613883880927324,0.028470140985669794
0.2,32,12,0.34583706198582687,0.38258364443053355,0.006408082130038275,1.7223527979646471,0.04598882913325105
0.2,33,12,0.33205105629445675,0.3254945444536535,0.24440243817332072,1.5535326083998975,0.04969047398642832
0.2,34,12,0.5686635151288979,0.5558762883105772,0.4355560440159804,1.3742551100577673,0.035816554219831834
0.2,35,12,0.4244214107507186,0.4156798179606044,0.48460876293209104,1.404114267721902,0.046124444136305044
0.2,36,12,0.2656954606523712,0.2811820383952913,0.14429495663013933,1.2719570902161021,0.032156820228982835
0.2,37,12,0.520252386888431,0.5274437610740885,-0.32405565387022806,1.5597211749320292,0.07451552871601243
0.2,38,12,0.545702866177034,0.5378218331601277,0.4894108329579292,1.3948994897525875,0.05562673993080268
0.2,39,12,0.5081391329514413,0.5548357712983505,0.4191932842971048,1.4210932420549627,0.04504873092688534
0.2,40,12,0.5770958669979408,0.5315415664823613,0.5744477133038414,1.27521552234071,0.04373501514810878
0.2,41,12,0.6467416117473455,0.6512997562583274,0.3555717912111027,1.3858143904675302,0.053885805437108004
0.2,42,12,0.6335847890413585,0.6354566653986834,0.48987067948209806,1.318222105413628,0.05484145773331175
0.2,43,12,0.6187105728979062,0.6311812429812379,-0.07428725015981873,1.359151968823458,0.062064454178048074
0.2,44,12,0.45341401820320043,0.4594899993745146,0.5193838815498112,1.3900042092868476,0.03334546946076968
0.2,45,12,0.340522172449805,0.42073191914354513,0.258387375706511,1.2686814683621046,0.04740750476642508
0.2,46,12,0.34523952394510227,0.2991753857552383,0.13269009532620615,1.5763344620673898,0.06094333340243121
0.2,47,12,0.6837602155240996,0.717351262497826,-0.019015340436919905,1.527191901148267,0.06643592047736167
0.2,48,12,0.4880765874796914,0.5061837654802933,0.003819786451417181,1.511404324917901,0.05777265345943828
0.2,49,12,0.5331658409902068,0.5612817485854149,0.35461348289628314,1.4882986574200003,0.0634233949555345
0.2,50,12,0.45145577881868154,0.4297571713300327,-0.0356305135424804,1.7413631351208778,0.061525541006276385
0.2,51,12,0.4721692465416828,0.5341946953360487,0.01776312017153932,1.6709552077804375,0.050377724619805324
0.2,52,12,0.46041883536702194,0.41335999856143063,0.10835238034696604,1.647590794184425,0.07658962402815171
0.2,53,12,0.6733880593458968,0.675704458989362,0.46795148744265785,1.3153506015664627,0.04712868814280337
0.2,54,12,0.5290874155566205,0.4630336667542208,0.4778477764448282,1.331643524533588,0.036596026041898724
0.2,55,12,0.6588216878588782,0.6620292856089254,0.3558644776169566,1.3793181834543715,0.037864098227975866
0.2,56,12,0.5405025347370593,0.47403637084071804,-0.12025131525622465,1.477315287684842,0.05681384275860083
0.2,57,12,0.5390736286563889,0.6172709934980634,0.14012090764902027,1.3151225455540456,0.03374155561145864
0.2,58,12,0.2668960785628443,0.2803250915161104,-0.4384839781945083,1.7190846198932794,0.06607781664723718
0.2,59,12,0.6136743708469656,0.6462711891339887,-0.24373545469303068,1.5980652669879003,0.0690416341583185
0.2,60,12,0.42190025348490573,0.3562035684369074,-0.14058029853474502,1.7104754823422592,0.060512239997427116
0.2,61,12,0.4722450502748508,0.47377872853504144,-0.4981370751262463,1.7522984144321647,0.07034571495545297
0.2,62,12,0.6294237196353523,0.6176119554013038,0.1591984767576801,1.4225450653638438,0.059297191352414506
0.2,63,12,0.5215509482547881,0.5445294977879181,0.31428660968681704,1.3107983826154086,0.02983225052393461
0.2,64,12,0.5300148055608022,0.5105845264287584,0.6497151501427068,1.3111539951832052,0.04036973538157496
0.2,65,12,0.5389218120541606,0.5809198850872093,-0.05466677987028195,1.621489028187772,0.06195157666777026
0.2,66,12,0.4755206077973104,0.5599270153767668,-0.2384748055846949,1.5593804925699306,0.07224596286925239
0.2,67,12,0.5724732490172076,0.6401754605394219,0.08618456182928473,1.516343973290794,0.055338889681678924
0.2,68,12,0.6254519935013487,0.6295533931221114,0.5787058192416337,1.2684154880488208,0.0416129818612434
0.2,69,12,0.6848307601168093,0.7261438130292398,0.5500262233665028,1.2375980611315827,0.056997532423639405
0.2,70,12,0.25324351753827407,0.2693133226811248,0.2192710106646689,1.377598439157253,0.032960189397784626
0.2,71,12,0.4186101118564226,0.41752858320079544,-0.5813434093388495,1.9944570206250472,0.11491944319459664
0.2,72,12,0.5205738556304559,0.5388559877273098,-0.016761073862976802,1.3976917604207502,0.03734403267956191
0.2,73,12,0.7248993286463747,0.6973218972015035,0.23033460940325332,1.4339631206470491,0.05820301523528841
0.2,74,12,0.7483935602161386,0.7562987018766258,0.360123987309999,1.6163880621181583,0.07787511067468168
0.2,75,12,0.5619892278897048,0.6021014014016486,0.191175185860327,1.1209489044519836,0.03244344831368617
0.2,76,12,0.34798171659864263,0.36794318110266544,-0.3702731551324688,1.8484766969099429,0.07939449257083304
0.2,77,12,0.3335907477486837,0.533116913886722,0.325184076559825,1.4233774875926228,0.04340111598361936
0.2,78,12,0.5559384824114613,0.5917519478696371,0.5091527705654466,1.1252517180423267,0.03978600537584806
0.2,79,12,0.5902317233208251,0.7079761525873209,0.6174462340482153,1.1942234502421247,0.05292846258832306
0.2,80,12,0.40113852935768884,0.3655684336072568,-0.24260798958713306,1.6964985289407901,0.08674884784192582
0.2,81,12,0.5372597361316066,0.5949303288150751,0.2629376986650714,1.4121537017708008,0.0333043689751465
0.2,82,12,0.5698136589368595,0.5796462681170867,-0.11878832191267306,1.5771211103697713,0.06957509705349818
0.2,83,12,0.6534725791545377,0.6873130033338863,0.2654838633644858,1.243384673593706,0.06783558729144597
0.2,84,12,0.36711948511832665,0.4263051535967704,-0.2429827544166978,1.5851026904176284,0.06356238079295091
0.2,85,12,0.5683168885418325,0.5708043586809237,-0.15744555435670488,1.7350816791397836,0.06840514978058909
0.2,86,12,0.5158745377560633,0.5192108345105393,0.2799701001980315,1.5718128942512122,0.07019692568861294
0.2,87,12,0.42518392908939967,0.4509133476017217,0.2945414039823907,1.379114876978939,0.04892646713828666
0.2,88,12,0.5856744065418826,0.5723362859541447,-0.3979888703658312,1.6913403751194558,0.0633662229532321
0.2,89,12,0.41726095050077583,0.33011026626085155,0.13511049001789463,1.310414264341785,0.038496238292679445
0.2,90,12,0.5393423462733217,0.5936721909861261,0.5281929939011556,1.1852206008917432,0.038898504372634576
0.2,91,12,0.5152197024758068,0.5367379179389391,0.7061975993439201,1.102330067552719,0.05076798798986061
0.2,92,12,0.5099353903219008,0.5753699204101089,0.019516344340012856,1.565904507673794,0.06368816255819282
0.2,93,12,0.32554535624015757,0.28309616871614973,0.4100070068625836,0.9842286589475834,0.025740139581521514
0.2,94,12,0.5283527848004672,0.536130089896656,-0.11845389013618908,1.443600077107483,0.058140736998801346
0.2,95,12,0.6297654858099035,0.6687647992413177,0.4971743172795572,1.3584208956399135,0.03927357714837055
0.2,96,12,0.3313275093903455,0.34253296321280613,0.30739888016404826,1.6253935454865869,0.06874683192352517
0.2,97,12,0.4620995798811491,0.4824599423984393,0.10839426799021541,1.551765126256997,0.062316951092110114
0.2,98,12,0.36702247697449214,0.3519770918849936,-0.14780161838536332,1.5262533733063581,0.0602912531738905
0.2,99,12,0.7754294882691628,0.7872280128659984,0.28464380487029045,1.4378970519830638,0.05114966697320165
0.3,0,12,0.5633782239764314,0.5266476981656955,0.2232789205858751,1.411611307145525,0.048354301532861216
0.3,1,12,0.629913474305316,0.6804343298038991,0.0816777014551225,2.0050093711960577,0.11011459115913698
0.3,2,12,0.44910838928472346,0.5058944121998843,-0.14659423603843533,2.1670715553821305,0.10539306549016036
0.3,3,12,0.3663525069548535,0.37377140422590954,0.04832172047721496,2.302242950001075,0.13828181434859707
0.3,4,12,0.6047105021459211,0.597058304604051,0.18884332963352568,2.1302006400890434,0.12123545995291206
0.3,5,12,0.3946688722331659,0.3846877626481714,0.01776325920388584,2.312037910524425,0.13047765146532087
0.3,6,12,0.6706018018384187,0.6747701285778692,0.30648166096205864,1.9071118398025149,0.09937715254225458
0.3,7,12,0.5039284211030542,0.49425328283702125,0.05733914145570973,2.117551980026534,0.10317828040572424
0.3,8,12,0.7223235369989508,0.72559746621588,0.33549895427107657,2.129326697304243,0.13144925617297912
0.3,9,12,0.6546820682673443,0.6235583504466158,0.37068917233471294,1.885219338026215,0.11007313170986464
0.3,10,12,0.6966172535681318,0.691577315785511,0.24832948534950652,2.0034123419667007,0.09170326518701293
0.3,11,12,0.5772178386728115,0.5663156017329432,-0.4093904315459539,2.2122552634004657,0.10739499901784814
0.3,12,12,0.44927732851838853,0.365305819474155,-0.15277078419297835,2.3965828209548845,0.13666822362329892
0.3,13,12,0.6771867806699065,0.6932228640244217,0.434018805132929,1.8071818179459782,0.0744371251951135
0.3,14,12,0.30167261094386316,0.27792498491034096,-0.17644418956341767,2.3902071804817506,0.14084625470566922
0.3,15,12,0.5837871826931424,0.5154544544237576,-0.3324509969526543,2.3344420510692245,0.15195166045351352
0.3,16,12,0.7035244581954212,0.714531572988865,0.40075144864877044,1.8651401435978368,0.10732323513381069
0.3,17,12,0.5371665914660154,0.5515400256969158,-0.5819316585436644,2.465168507878861,0.16089963697647525
0.3,18,12,0.5048656914391447,0.44624742408106394,-0.3487318114210584,2.1826839369814515,0.11537654794010475
0.3,19,12,0.6560465851513666,0.6368712938257952,0.34505539313245187,1.7830948094212336,0.09071552458756954
0.3,20,12,0.5180448481763893,0.5249164527009053,-0.151478623228097,2.2649927272496355,0.12347355139461871
0.3,21,12,0.5526708157745902,0.5597220983159841,0.05813172277156749,1.9085600830175193,0.10481297587332619
0.3,22,12,0.5438320035061743,0.5500599423551376,-0.19610708162170934,2.2929412950045314,0.1162101647424121
0.3,23,12,0.6741465160244521,0.6633587829174951,0.5340451161792258,1.9578450506752094,0.08205853502815573
0.3,24,12,0.6209105140338073,0.7017600137289781,0.6796097776389101,1.7552997106026598,0.07370023680504845
0.3,25,12,0.6950196780081265,0.6671799101051378,0.35094210227037126,2.0337660558266877,0.09829171693722444
0.3,26,12,0.7392019537103324,0.7400551456451911,0.3339095229893017,1.8778054072543937,0.07693421360510279
0.3,27,12,0.616843813564114,0.6183861290170791,-0.11198518020510233,2.026362948658364,0.09327409905543833
0.3,28,12,0.5013938334055832,0.5092641860750635,-0.39903721408575943,2.283518063201956,0.12302926668163904
0.3,29,12,0.6619914715163591,0.6594366062257294,0.3103219307826218,1.7058687542229616,0.07636105162051701
0.3,30,12,0.6409577075374397,0.6377843243478966,-0.2618604987629012,2.4225776686832714,0.17015085281685607
0.3,31,12,0.5920943812828223,0.5525267137069332,0.055585706045361255,2.215424233762179,0.10760917387140007
0.3,32,12,0.6112225704712733,0.6146078370538134,-0.2532549201425225,2.178231516955455,0.1115439399161199
0.3,33,12,0.5855444068293721,0.6052041828987127,0.25095951940464967,1.8885578697644962,0.09133059751468685
0.3,34,12,0.6391509436137492,0.6398780732975612,0.28794848497955955,2.004598525127446,0.10096321745907419
0.3,35,12,0.5361551476835984,0.5248396256992021,0.5426406964791699,1.7564023793527028,0.07131401414198205
0.3,36,12,0.5763392834162852,0.5807238934409739,0.44298912900866333,1.7121235927324878,0.08756339445356978
0.3,37,12,0.42534229435080156,0.4256225352884414,-0.26957989731866705,2.1629375476131747,0.14738262530281507
0.3,38,12,0.5804342581277069,0.5766805523977371,0.22415851239948661,1.8483522258530467,0.07893717008327666
0.3,39,12,0.6130921634111959,0.596945271954606,0.2569292792441015,1.790620474465679,0.09069900541407283
0.3,40,12,0.6315539566770801,0.632051138451788,-0.07215876196593589,1.9752643920428299,0.09986148562387215
0.3,41,12,0.6175751213044833,0.641431349585447,-0.011668182180027284,2.1542593819382914,0.11302649125998118
0.3,42,12,0.46357823229033557,0.5199658242813218,0.17105524117576315,2.0085210637688258,0.101658059029251
0.3,43,12,0.6717793052915485,0.7218574572043784,0.54122273061134,1.794601878735939,0.08085445262808606
0.3,44,12,0.5817734976423556,0.5867522371174221,0.13043869658238677,2.199257601488497,0.11355481922313292
0.3,45,12,0.56445115822969,0.5466439315880152,-0.29500215318522116,2.237271487147262,0.10539632735094524
0.3,46,12,0.7557102344851776,0.7967060659281577,0.6443708110641592,1.3725635289219906,0.06359951387070599
0.3,47,12,0.7221416349093168,0.719886678572426,0.003235376235725388,2.221174526118812,0.13256748714722313
0.3,48,12,0.623134260571873,0.6312376775591594,0.16725982384616891,2.253714155494742,0.1473884400895419
0.3,49,12,0.612325348803605,0.6024904668052425,0.378493816565634,1.7999632986323086,0.09261578764761183
0.3,50,12,0.7520591084184435,0.7819273589378484,0.5448568099519583,1.7646487721424033,0.09846525102253316
0.3,51,12,0.3316936106618501,0.33620879690963185,0.05195381255306208,1.9680151411433913,0.09334738647226129
0.3,52,12,0.771802170236115,0.7691450302634827,0.2353456873491256,1.7840043766738094,0.09045719344752284
0.3,53,12,0.5951554477279778,0.5716165594454989,0.2721678432621038,1.929630060826858,0.08638136003421962
0.3,54,12,0.6709713776222971,0.6690793499642488,0.559044118137502,1.3378898248676292,0.04495092092746533
0.3,55,12,0.6715557747616113,0.6159499465488767,0.4630284826115869,1.6619108872207131,0.07666107897542046
0.3,56,12,0.7390978799158214,0.7605914004719065,0.24595057241175053,1.8969878912490474,0.0896408152650723
0.3,57,12,0.6817323246334843,0.5898868494680064,0.6722624192517085,1.5118203439429707,0.05602738238895995
0.3,58,12,0.6296135896355209,0.6596914325602709,0.19531184809104216,2.0773794881068595,0.10786114206429151
0.3,59,12,0.4774304810734137,0.488802291909389,-0.34677197412757105,2.255447417232561,0.11933842653507727
0.3,60,12,0.6127114698395607,0.5225243510822744,0.532287587064481,1.9248082884928264,0.0839876348270191
0.3,61,12,0.48030430930488405,0.48031517218108044,-0.46850518583925344,2.4202589616394885,0.12319680363174085
0.3,62,12,0.7589505843962837,0.7569274828126511,0.7430661750724188,1.5603112861762665,0.08042001174956372
0.3,63,12,0.6785946760624518,0.7480722311841222,0.2604767185199662,1.8399791233271365,0.07734928620468554
0.3,64,12,0.7303441728984167,0.7320371597488698,0.16571388345434748,2.0982907705552467,0.10607777377762027
0.3,65,12,0.4279737905809579,0.4224523520266968,-0.3707338207035411,2.323031297267033,0.15776349880226445
0.3,66,12,0.6125069626772804,0.6120940492882465,0.3596666553182069,1.9483149385477756,0.09469516948893975
0.3,67,12,0.2504490709256282,0.23755497008819929,0.004571327190502229,2.3679238567540324,0.12558866292676452
0.3,68,12,0.6492781075147943,0.5287806687519341,0.5577133326934072,1.9044516314138764,0.11980191643777105
0.3,69,12,0.5359625986300023,0.4977588657554957,0.6134819516042532,1.643014463940365,0.06571768507731084
0.3,70,12,0.7906996767741552,0.75970341001679,0.26882670166776373,1.842682512877505,0.10663741244509861
0.3,71,12,0.265719086409158,0.27226121752882393,-0.7098072069652415,2.4336467119562544,0.15225983067467513
0.3,72,12,0.31579592754887437,0.28146934264840606,-0.07416336617464911,2.2921991330974465,0.10080445264695516
0.3,73,12,0.5929717596424955,0.5926142531902345,0.5561708860893286,1.7842830087105355,0.07504474714966422
0.3,74,12,0.5508327769448539,0.562040301839091,0.39745031551256205,2.1708741335120156,0.12641141104513431
0.3,75,12,0.6797939466235341,0.6755038677508064,0.46031797902625926,1.7176263493580242,0.08474857140283651
0.3,76,12,0.5912372864781487,0.5920990123029554,-0.28690593804234965,2.427508217461671,0.18552759976078703
0.3,77,12,0.4666509262612505,0.4878315031173281,-0.40884132255383077,2.147549996170084,0.10812128512567808
0.3,78,12,0.5023865338168892,0.5433943993285176,-0.41014080468265035,2.343399891874319,0.1289973694575383
0.3,79,12,0.751522646537278,0.7514337304546568,0.1422102550920096,2.0328601993669975,0.11330022387096261
0.3,80,12,0.5432023075619791,0.5383699496269961,-0.13469619409402134,2.3250124363620244,0.11913710988781921
0.3,81,12,0.7538595798886977,0.7479659193542847,0.33136212088344125,1.8486014081534796,0.12643164983808097
0.3,82,12,0.7028605794280585,0.707288296931938,-0.16107977961911613,2.065606152718516,0.10255443322430897
0.3,83,12,0.6170689870352859,0.5834592458038316,0.44829615148559204,2.012376640414768,0.09284306381230618
0.3,84,12,0.638981361880514,0.6365103531732426,0.024025277724644654,2.2227609311892786,0.13974680305353127
0.3,85,12,0.6351348180911591,0.6177769237238706,-0.1597862561404275,2.07904082980073,0.10866364005491008
0.3,86,12,0.6910420525137992,0.6878009582542374,-0.11173513804601899,1.8545053627323362,0.1208204077443322
0.3,87,12,0.43521013975195366,0.4484238893232099,-0.3377133021349266,2.4854025629424035,0.1667120211260392
0.3,88,12,0.6868929317802606,0.6992823023212468,-0.05232946491014671,2.162512942454925,0.11938702063994076
0.3,89,12,0.7306055203806147,0.7353388906268691,0.7390594786823907,1.6897134468746262,0.08324708750966511
0.3,90,12,0.5713331579912886,0.5197957097463158,-0.3215571678959482,2.3495061642641364,0.12279208115294524
0.3,91,12,0.2980937684968161,0.2937846512413427,-0.4437063378051467,2.341500855895942,0.1263892169787271
0.3,92,12,0.5321441757559712,0.5524245456631824,-0.614282342155108,2.429519438757569,0.13835797613095846
0.3,93,12,0.5349382066289322,0.5358873141161485,-0.20746337998865794,2.3024162282610674,0.1341699649533098
0.3,94,12,0.5223696999047275,0.5088921375417336,0.17832071621462092,1.8489698961437468,0.06310138702177039
0.3,95,12,0.6392798303330378,0.6104489934822991,0.40667370359445926,1.6058468952237137,0.07217362031897377
0.3,96,12,0.6210612962826856,0.6179056960679759,-0.5712012012060892,2.5791704953729573,0.17282999699314966
0.3,97,12,0.6796679330643038,0.6793245599556856,0.15360711393249651,1.9879811310138686,0.12930804214985445
0.3,98,12,0.5132242350737761,0.5146678576897189,-0.46854937772562744,2.3236584842160046,0.1497159332528186
0.3,99,12,0.6552290461226211,0.6510216869552031,-0.31650287655366827,2.1553263955455826,0.09598436860904044
0.5,0,12,0.813894241171767,0.7554338515962167,0.6273089603452073,2.250032995574265,0.14432798517739281
0.5,1,12,0.6683859897635741,0.6605406006925223,-0.1354494042624524,2.8941352920967742,0.18335817635460436
0.5,2,12,0.8106666117592776,0.8138047952991649,0.040515946929511826,2.7006991796475943,0.20890835253325965
0.5,3,12,0.6422543741660318,0.6517889648523153,0.3767493138438902,2.723104673132746,0.2103152941916872
0.5,4,12,0.7034487980607027,0.7105309497581306,0.2709596622172868,2.700524347728115,0.18643141457657164
0.5,5,12,0.6176010566930232,0.6072850932554918,-0.4647957703655023,3.038550232100316,0.23119333427334327
0.5,6,12,0.4626805901759073,0.4333925702621672,-0.45247671675317086,3.1675727072082984,0.275548013519855
0.5,7,12,0.6764660615228398,0.6702992413222066,0.10848101539501151,2.932657335155413,0.2149742580030158
0.5,8,12,0.6925491200640136,0.6835258996069156,0.5124196386434748,2.1389654483663327,0.10659697908176474
0.5,9,12,0.5468977882614524,0.4853525902123181,-0.16525682456687846,3.2984188023677494,0.25768161419283625
0.5,10,12,0.6805620239808812,0.674890389856561,0.5006516462679703,2.407559252529775,0.17228936475496257
0.5,11,12,0.7121528953572916,0.71195353142388,0.1260545972623268,2.5834079185768064,0.1668510826068328
0.5,12,12,0.7664560367341392,0.7755762697183273,0.4680465799266801,2.1502042678550897,0.1356788825280728
0.5,13,12,0.6266469084246367,0.5988583182620758,-0.193768737522159,3.1082667846679772,0.2287339542822866
0.5,14,12,0.5131617572794638,0.44385298443374777,-0.34218426117107753,3.109971980495482,0.2474308985460688
0.5,15,12,0.6571761032548982,0.6631073234959264,0.31880185818077356,2.590533100066673,0.15953168203290247
0.5,16,12,0.40248636837488744,0.40881159711663106,0.23384830567522105,3.077167476700587,0.21409464057505256
0.5,17,12,0.5969067892937702,0.5944097608286034,0.45986776582454203,2.756584574521505,0.18499847059603966
0.5,18,12,0.44831013977533707,0.48156256070819076,0.16880755020109134,3.157652726326121,0.2427151047410695
0.5,19,12,0.6567743218498411,0.6559823143485864,-0.11378176710164319,2.88265179135737,0.20323389425082045
0.5,20,12,0.7496243078166613,0.7516198714559068,0.1797009335322383,2.864233753235479,0.184230986574117
0.5,21,12,0.5696757029670578,0.48086245380501713,-0.03120621413768236,2.715000330302579,0.18424477867305317
0.5,22,12,0.44063476350258063,0.48275653923212597,0.18053540701928306,2.6011844365798105,0.16405832574661783
0.5,23,12,0.6332942860277925,0.6433314462194889,0.5340110323221487,2.5715113204761044,0.14992019996843456
0.5,24,12,0.6445599643959623,0.6426877503924517,0.5546320450638235,2.5956799064679714,0.15359255045245473
0.5,25,12,0.7278305737081637,0.7116711348785675,0.10731110397324588,2.446066834302979,0.1763753222486728
0.5,26,12,0.19835163564511005,0.21183917552843307,-0.05600434179426898,2.9102506659732765,0.1947239199783939
0.5,27,12,0.5565624854968215,0.5452015987420028,0.1857559775612407,3.0760039593008264,0.2510189992697124
0.5,28,12,0.4611314548888537,0.4530017077010044,-0.19452449766055877,3.221281336154546,0.24629199953348463
0.5,29,12,0.6146723650823895,0.6327664305052922,0.24595378090490927,2.6129827999576287,0.17044873034015873
0.5,30,12,0.4997156232392608,0.48667594330912506,0.17995047788199212,3.0150758977730514,0.1988728194064522
0.5,31,12,0.6954795272163705,0.6920110688028532,0.2273360010351949,2.8740937948310927,0.1933547787925867
0.5,32,12,0.70395324763036,0.6906305019270643,0.2719202006340156,2.8448823028563726,0.2237331755877977
0.5,33,12,0.6149617592732713,0.5879976313492187,-0.1974442772258495,3.0078451188487265,0.24170307035133587
0.5,34,12,0.7030176855944223,0.6900051227868473,-0.0932845411695022,2.7531701714188634,0.19799891832675004
0.5,35,12,0.48659098855204735,0.4626978220917451,0.0348385144288341,3.1725710378618683,0.25144154068855695
0.5,36,12,0.726539600636151,0.7223791183133461,0.22837968848829926,2.657512736444599,0.1752737362470185
0.5,37,12,0.5192778318594621,0.5137672685130448,0.051912946194258215,2.803135420369559,0.203908314978534
0.5,38,12,0.5570631157688127,0.5581769314997547,0.14271344998341612,2.863284822915132,0.19050933583569815
0.5,39,12,0.5634835018529297,0.5609732185398864,0.06610664584385718,2.624631992612221,0.17980114745804782
0.5,40,12,0.5265449672080654,0.5226899613945823,-0.1933935190234313,2.894209371499354,0.18977058532278013
0.5,41,12,0.5623567507575721,0.6088160459897364,-0.21973738305915186,2.612205479145829,0.14005649492258113
0.5,42,12,0.4983798172830867,0.5454229826250079,0.08910991849750236,3.1344646329495904,0.2078521839599016
0.5,43,12,0.44462939091666154,0.43904361581302215,-0.23321935582009262,2.7167030983414784,0.1849747438196007
0.5,44,12,0.5966002116900029,0.5851916444423257,0.16408896950319285,2.8770495975145365,0.17156504448162269
0.5,45,12,0.5758314183453633,0.5626778408420866,0.4232553532578747,2.7729440106357828,0.22188212676623387
0.5,46,12,0.645914945418208,0.6608317611362273,-0.4899226512218274,2.486614726650393,0.1387590551987068
0.5,47,12,0.5975835659309091,0.587793080139339,0.34151318080159726,2.7419490800600785,0.18833157009469412
0.5,48,12,0.6791793697283337,0.6753048265106832,-0.20637821851485083,3.018447880422522,0.26088323608419267
0.5,49,12,0.5819111096736642,0.5805249844316621,-0.13365426652681198,3.0352059584887057,0.20153244535568052
0.5,50,12,0.5334098635554161,0.5274924523107446,0.3187605268966034,2.6053907815849953,0.1704377340249779
0.5,51,12,0.32390096299973115,0.3188334112130034,-0.27229770128833874,3.110394520490795,0.2465441519119683
0.5,52,12,0.5163883319763978,0.5400360322127441,-0.08410000583301165,3.078646262649482,0.2522791308584524
0.5,53,12,0.6278125072148107,0.6205954596527787,-0.08167929974553757,3.0681811844877487,0.24477630548411913
0.5,54,12,0.3935541695186711,0.48076494399139735,-0.4345322354611697,3.118062545442876,0.19576286213802335
0.5,55,12,0.4985383153410903,0.5007063886118017,-0.2263752179421015,3.263021518538591,0.2647045956716025
0.5,56,12,0.5281210788702564,0.5169833175793845,-0.20617028844651317,3.1167892153678753,0.2557057385300937
0.5,57,12,0.6392796160976068,0.6613477471290389,0.43886370383182993,2.241080667094016,0.1427442841695943
0.5,58,12,0.6301468867187717,0.6299618323217095,-0.06239155455353349,2.8093978768135024,0.17330964908246094
0.5,59,12,0.5208822519989434,0.4748085712444728,0.1555292897837969,2.7896142299536106,0.19349901510136114
0.5,60,12,0.7022175033690976,0.7066685098612593,0.18988750434702636,2.8480331645480383,0.189455525594005
0.5,61,12,0.7998377219932368,0.7980544221838848,0.5776779908545625,2.584000085452613,0.17781421011091939
0.5,62,12,0.5664956905497545,0.48962653259207706,0.47640343932849577,3.0476450775210346,0.21389891714266154
0.5,63,12,0.7488494534189909,0.7530545197646872,0.5357156844509167,2.386142457294606,0.14489992224725232
0.5,64,12,0.8650957232894441,0.8649731459839749,0.7470835812405034,2.216175468722233,0.1523632120638418
0.5,65,12,0.6079383657839958,0.5944331791555595,0.09057096087144105,3.0179180702138617,0.2425745501716164
0.5,66,12,0.590876360451156,0.5787297734053294,0.13144182637122798,2.8213871193699513,0.20428758027803098
0.5,67,12,0.5758615789659236,0.5736138654770383,0.2080047385891317,2.4553038153759372,0.16510221583793963
0.5,68,12,0.7363583476931123,0.7126326668303207,0.2836090386369521,2.6454570132180493,0.16967324510583073
0.5,69,12,0.4951048882118606,0.49754988410123324,-0.2889128069651108,3.234584071435051,0.23089532187345463
0.5,70,12,0.5884559848599811,0.5901946285581668,0.3611784800213,2.8980941984395985,0.21227190672513402
0.5,71,12,0.7036197828126168,0.7005549484481755,0.48098501513065867,2.4694492941876427,0.17978925777193444
0.5,72,12,0.6295292319771971,0.6453694676163931,0.046486021092080804,3.195356828645913,0.24735078008765507
0.5,73,12,0.5199062867022366,0.46397875518846293,0.8262733438141258,2.221221463195268,0.10667675953368325
0.5,74,12,0.6333397256386835,0.6912178961910981,0.5277454897891638,2.4730304305975994,0.12482103879359956
0.5,75,12,0.6910665300942774,0.6970419324674986,0.33625083709888764,2.4738144212795437,0.1897074571821543
0.5,76,12,0.5957144837078057,0.5962222478518451,-0.10117466574152582,2.9241882054755903,0.21439774864282482
0.5,77,12,0.429722354330413,0.44353168512951796,-0.10893881731424625,3.1979037952290104,0.25575574967030973
0.5,78,12,0.606892395758769,0.6117356958838093,0.22946362670692247,2.6480209058433215,0.13639495778208183
0.5,79,12,0.5883797115000378,0.602385326872735,-0.3550861246783858,2.975320409470737,0.19422356806637747
0.5,80,12,0.7100403226599484,0.7377366342391833,-0.02573733259355388,2.9319538077646787,0.21666135634789252
0.5,81,12,0.5779181986819657,0.5752324185235764,-0.03483796905020042,2.8808127446995537,0.22377154340269484
0.5,82,12,0.5021061330920813,0.5052865174218879,-0.1624203365486434,3.1579559724476503,0.2578044636247755
0.5,83,12,0.5114652994775784,0.49910507539710025,-0.11983697503651083,3.0944573914652818,0.20906710837817336
0.5,84,12,0.7856084367289153,0.7794508902749564,0.4400760845825357,2.5178980271438234,0.14945708771955263
0.5,85,12,0.5106114867507312,0.4895914607663613,0.14167087415505805,3.0344566377322506,0.23773797361025834
0.5,86,12,0.5564837843758409,0.5185396508219522,-0.37224399509250966,3.1371156220279515,0.22816908633172597
0.5,87,12,0.3946212913722342,0.4677963477349025,-0.03876260257620481,3.19238350992102,0.21135365995306166
0.5,88,12,0.5712000986274378,0.5458955538214706,-0.042394584345099705,3.1089580560124053,0.2528222760299045
0.5,89,12,0.680075034372994,0.6850790935426158,0.37975264884978804,2.689355058903694,0.1573515469954554
0.5,90,12,0.6933096442966533,0.7035917574023933,0.5056235043071945,2.787123892311002,0.18753036329831607
0.5,91,12,0.7620354587176817,0.7613598141260896,0.6633799648544136,2.299365058045769,0.186001917840253
0.5,92,12,0.6761937315142418,0.6921678920562477,0.44658861782684395,2.560487813730854,0.18767080814424789
0.5,93,12,0.7337769499571483,0.7314064237839382,0.08355761749553624,2.7726592141653468,0.19487896915355998
0.5,94,12,0.6991249495913091,0.686708620047503,0.2501285034866781,2.7294811234569187,0.15779457653783208
0.5,95,12,0.6173530093844044,0.6134738213971044,-0.18133096777139912,2.9198982117174404,0.21254217351468402
0.5,96,12,0.6285064286660624,0.6390569393415226,0.629437228311607,2.09948198627243,0.10795181044950279
0.5,97,12,0.6966569748489343,0.7028231488845866,0.21230634778138444,2.632617929857986,0.16676922913950248
0.5,98,12,0.7430314230142504,0.7411578432636191,0.19168238734191476,2.5437565453125393,0.18879676745952917
0.5,99,12,0.6087330860636158,0.6007015609493493,0.27275692316862565,2.832074281468137,0.21706131110213986
