from_study,to_study,n_from,n_to,auc_gap,ext_auc,int_auc,geodesic,centroid_dist
HMP_2019_t2d,KarlssonFH_2013,57,96,0.5813953488372093,0.41860465116279066,1.0,3.814509328577985,23.955947442295344
HMP_2019_t2d,LiJ_2014,57,89,0.35569620253164547,0.6443037974683545,1.0,3.8799624622427498,19.872995857124277
HMP_2019_t2d,MetaCardis_2020_a,57,1192,0.4983659020107618,0.5016340979892382,1.0,3.6454247551036696,16.405713406737576
HMP_2019_t2d,QinJ_2012,57,344,0.4093644354293442,0.5906355645706558,1.0,3.732500546865531,20.34368795665771
HMP_2019_t2d,SankaranarayananK_2015,57,37,0.5467836257309941,0.4532163742690058,1.0,3.8947352789920853,24.179178455521424
KarlssonFH_2013,HMP_2019_t2d,96,57,0.3501844532279315,0.3992094861660079,0.7493939393939394,3.814509328577985,23.955947442295344
KarlssonFH_2013,LiJ_2014,96,89,0.2810395090141925,0.4683544303797469,0.7493939393939394,3.526437253733135,17.58894529255169
KarlssonFH_2013,MetaCardis_2020_a,96,1192,0.13113282356273015,0.6182611158312092,0.7493939393939394,3.1668595060226576,19.573612748312936
KarlssonFH_2013,QinJ_2012,96,344,0.25953592722355395,0.48985801217038544,0.7493939393939394,3.5678962279516897,30.549914514431535
KarlssonFH_2013,SankaranarayananK_2015,96,37,0.10611908559276984,0.6432748538011696,0.7493939393939394,3.726056910937736,24.62890319910673
LiJ_2014,HMP_2019_t2d,89,57,0.08911067193675892,0.6758893280632411,0.765,3.8799624622427493,19.872995857124277
LiJ_2014,KarlssonFH_2013,89,96,0.19808468626590614,0.5669153137340939,0.765,3.526437253733135,17.58894529255169
LiJ_2014,MetaCardis_2020_a,89,1192,0.28067261399037097,0.48432738600962905,0.765,2.7774600706788957,9.067405750666596
LiJ_2014,QinJ_2012,89,344,0.19336375929682215,0.5716362407031779,0.765,3.2898564905302283,22.453619835954097
LiJ_2014,SankaranarayananK_2015,89,37,0.04862573099415202,0.716374269005848,0.765,3.7439271337146134,23.433010575538592
MetaCardis_2020_a,HMP_2019_t2d,1192,57,0.5603737514171031,0.2075098814229249,0.767883632840028,3.64542475510367,16.405713406737576
MetaCardis_2020_a,KarlssonFH_2013,1192,96,0.11847599791242824,0.6494076349275998,0.767883632840028,3.166859506022657,19.573612748312936
MetaCardis_2020_a,LiJ_2014,1192,89,0.28433932904255965,0.4835443037974684,0.767883632840028,2.777460070678895,9.067405750666596
MetaCardis_2020_a,QinJ_2012,1192,344,0.1868829567075061,0.5810006761325219,0.767883632840028,2.838918144561489,19.61466904008782
MetaCardis_2020_a,SankaranarayananK_2015,1192,37,0.2912754457055251,0.4766081871345029,0.767883632840028,3.5480684632706305,22.608885355836243
QinJ_2012,HMP_2019_t2d,344,57,-0.32484509172187825,0.9683794466403162,0.6435343549184379,3.7325005468655306,20.34368795665771
QinJ_2012,KarlssonFH_2013,344,96,0.2271236484682404,0.4164107064501975,0.6435343549184379,3.56789622795169,30.549914514431535
QinJ_2012,LiJ_2014,344,89,-0.015959315967638,0.6594936708860759,0.6435343549184379,3.2898564905302283,22.453619835954097
QinJ_2012,MetaCardis_2020_a,344,1192,0.16235905047210542,0.4811753044463325,0.6435343549184379,2.8389181445614895,19.61466904008782
QinJ_2012,SankaranarayananK_2015,344,37,0.18739400404124495,0.45614035087719296,0.6435343549184379,3.5094822127656387,24.38143872045374
SankaranarayananK_2015,HMP_2019_t2d,37,57,-0.24848484848484859,0.6818181818181819,0.4333333333333333,3.8947352789920853,24.179178455521424
SankaranarayananK_2015,KarlssonFH_2013,37,96,-0.10681585490712303,0.5401491882404563,0.4333333333333333,3.726056910937736,24.62890319910673
SankaranarayananK_2015,LiJ_2014,37,89,-0.16666666666666669,0.6,0.4333333333333333,3.7439271337146134,23.433010575538592
SankaranarayananK_2015,MetaCardis_2020_a,37,1192,-0.09902293967714543,0.5323562730104787,0.4333333333333333,3.5480684632706305,22.608885355836243
SankaranarayananK_2015,QinJ_2012,37,344,-0.051048005409060127,0.4843813387423934,0.4333333333333333,3.5094822127656387,24.38143872045374
